Target Claim,Eval Status,Architectural Truth
"Hardware Integration and Performance:: The Apple M1 chip is a system on a chip (SoC) that integrates the 8-core CPU, 8-core GPU, 16-core Neural Engine, and I/O onto a single chip containing 16 billion transistors. This unified memory architecture delivers immense speed, advanced graphics, and high power efficiency.",PASS,"The Apple M1 chip is described as a system on a chip (SoC) that integrates the CPU, GPU, Neural Engine, and I/O onto a single chip containing 16 billion transistors, delivering speed, graphics, and power efficiency."
"Simplified Troubleshooting:: The M1 SoC natively handles all communication that was previously managed by the System Management Controller (SMC). As a result, manual SMC and NVRAM resets are no longer required; a simple computer shutdown will resolve most power, fan, and battery issues.",PASS,"The source document states that the Apple M1 chip handles communication previously managed by the SMC, eliminating the need for manual SMC and NVRAM resets, and that a simple shutdown resolves most related issues."
"Faster Diagnostics:: The new Apple Service Toolkit 2 (AST 2) operates on an infrastructure similar to iOS, utilizing OS-based diagnostics. These are often faster and simpler to use than the EFI diagnostics required on older Intel-based Mac computers.",PASS,The source document states that the Apple Service Toolkit 2 (AST 2) provides OS-based diagnostics that are faster and simpler compared to the EFI diagnostics used on older Intel-based Macs.
"Enhanced Recovery Environment:: The new startup options menu acts as a centralized bridge for troubleshooting. Additionally, macOS Recovery is now a complete version of macOS, meaning accessibility features like VoiceOver are fully supported during the recovery process.",PASS,"The source document states that the startup options menu allows access to macOS Recovery, which is now a complete version of macOS with full support for accessibility features like VoiceOver."
External Display Limits:: The model supports a maximum of only two external displays.,PASS,"The source document states that the Mac mini (M1, 2020) supports two external displays."
Audio Input Constraints:: The audio input port (headphone jack) strictly supports analog audio input signals. It does not support optical audio connections like TOSLink.,PASS,"The source document explicitly states that the audio input port (headphone jack) on the Mac mini (M1, 2020) supports only analog audio input signals and does not support optical audio connections such as TOSLink."
"Strict Repair Requirements:: Repairs should be conducted exclusively by Apple-certified technicians. Furthermore, if a logic board requires replacement, running the mandatory System Configuration suite will render all existing data on the device unrecoverable.",PASS,The source document states that only Apple-certified technicians should perform repairs and that running the System Configuration suite after a logic board replacement will result in data loss.
Internet Dependency for Reinstallation:: An active internet connection is mandatory to reinstall macOS from macOS Recovery.,PASS,The source document states that an internet connection is required to reinstall macOS from macOS Recovery.
Parts Availability:: The coin cell battery can no longer be ordered through Apple's internal GSX system. It must be sourced from a third-party electronics parts distributor.,PASS,The source document states that the coin cell battery is no longer available to order via GSX and must be sourced from electronics parts distributors.
